{
    "id":"123",
    "status":"EDITSTATUS",
    "data":{
        "nodes": [
            { "id":"111","label": "1"},
            { "id":"222","label": "2","style":"people_blue"},
            { "id":"333","label": "3","style":"people_red"},
            { "id":"444","label": "4","style":"people_green"},
            { "id":"555","label": "5","style":"people_yellow"},
            { "id":"666","label": "6","style":"people_yellow"},
            { "id":"777","label": "7","style":"people_yellow"},
            { "id":"888","label": "8","style":"people_yellow"},
            { "id":"999","label": "9","style":"people_yellow"},
            { "id":"1110","label": "10","style":"people_yellow"}
        ],
        "edges": [
            { "source": "111", "target": "222","color":"blue" },
            { "source": "111", "target": "333" },
            { "source": "111", "target": "444" },
            { "source": "111", "target": "555" },
            { "source": "555", "target": "666" },
            { "source": "555", "target": "777" },
            { "source": "555", "target": "888" },
            { "source": "333", "target": "999" },
            { "source": "333", "target":  "1110"},
            { "source": "222", "target": "888" }
        ]
    }
}