{"nodes":[{"id":"n1","label":"n1","latitude":50.93,"longitude":2.48,"size":"5.5","color":"rgb(1,179,255)"},{"id":"n2","label":"n2","latitude":50.88,"longitude":2.0,"size":"5.0","color":"rgb(1,179,255)"},{"id":"n4","label":"n4","latitude":49.4,"longitude":0.19,"size":"6.0","color":"rgb(1,179,255)"},{"id":"n5","label":"n5","latitude":48.49,"longitude":-1.92,"size":"6.0","color":"rgb(1,179,255)"},{"id":"n6","label":"n6","latitude":48.26,"longitude":-4.38,"size":"4.5","color":"rgb(1,179,255)"},{"id":"n7","label":"n7","latitude":47.15,"longitude":-2.09,"size":"6.5","color":"rgb(1,179,255)"},{"id":"n8","label":"n8","latitude":46.02,"longitude":-1.04,"size":"6.5","color":"rgb(1,179,255)"},{"id":"n9","label":"n9","latitude":43.22,"longitude":-1.85,"size":"5.0","color":"rgb(1,179,255)"},{"id":"n10","label":"n10","latitude":42.38,"longitude":3.18,"size":"4.0","color":"rgb(1,179,255)"},{"id":"n11","label":"n11","latitude":43.47,"longitude":4.04,"size":"5.5","color":"rgb(1,179,255)"},{"id":"n12","label":"n12","latitude":42.9,"longitude":6.59,"size":"5.0","color":"rgb(1,179,255)"},{"id":"n13","label":"n13","latitude":43.62,"longitude":7.66,"size":"6.0","color":"rgb(1,179,255)"},{"id":"n14","label":"n14","latitude":46.05,"longitude":6.19,"size":"6.5","color":"rgb(1,179,255)"},{"id":"n15","label":"n15","latitude":47.43,"longitude":7.65,"size":"6.0","color":"rgb(1,179,255)"},{"id":"n16","label":"n16","latitude":48.9,"longitude":8.32,"size":"5.5","color":"rgb(1,179,255)"},{"id":"n17","label":"n17","latitude":49.83,"longitude":4.94,"size":"6.5","color":"rgb(1,179,255)"},{"id":"Paris","label":"Paris","latitude":48.72,"longitude":2.46,"size":"9.0","color":"rgb(1,179,255)"}],"edges":[{"id":"8","source":"n1","target":"Paris"},{"id":"7","source":"n2","target":"n4"},{"id":"28","source":"n4","target":"n1"},{"id":"30","source":"n4","target":"n7"},{"id":"26","source":"n5","target":"n1"},{"id":"27","source":"n5","target":"n2"},{"id":"0","source":"n6","target":"n5"},{"id":"29","source":"n7","target":"n5"},{"id":"1","source":"n7","target":"n8"},{"id":"17","source":"n7","target":"Paris"},{"id":"10","source":"n8","target":"n13"},{"id":"18","source":"n8","target":"Paris"},{"id":"15","source":"n9","target":"n8"},{"id":"34","source":"n10","target":"n9"},{"id":"31","source":"n10","target":"n11"},{"id":"11","source":"n11","target":"n13"},{"id":"13","source":"n11","target":"n14"},{"id":"32","source":"n12","target":"n10"},{"id":"12","source":"n12","target":"n11"},{"id":"23","source":"n12","target":"n13"},{"id":"33","source":"n13","target":"n10"},{"id":"25","source":"n13","target":"n14"},{"id":"14","source":"n14","target":"n9"},{"id":"5","source":"n14","target":"n17"},{"id":"19","source":"n14","target":"Paris"},{"id":"6","source":"n15","target":"n8"},{"id":"22","source":"n15","target":"n16"},{"id":"20","source":"n15","target":"Paris"},{"id":"4","source":"n16","target":"n15"},{"id":"24","source":"n16","target":"Paris"},{"id":"9","source":"n17","target":"n7"},{"id":"21","source":"n17","target":"n17"},{"id":"2","source":"Paris","target":"n4"},{"id":"3","source":"Paris","target":"n17"},{"id":"16","source":"Paris","target":"Paris"}]}
